{"PR":{"media":648.9612940497,"mediana":650.0,"desvio_padrao":98.6071859131,"moda":850.0},"RS":{"media":651.1051428571,"mediana":650.0,"desvio_padrao":95.1365984138,"moda":850.0},"SC":{"media":649.5376527423,"mediana":653.0,"desvio_padrao":97.2334927934,"moda":850.0}}